-1.6947668425041713,1.1196751689604585,20.22342382707604
-0.246363074236426,0.8938607113237649,12.773712889592254
1.9119580479864107,0.1539834816417347,9.49719009936069
0.004481854639751592,-1.7117954665609538,15.311703225520473
-0.9262440795925153,-0.0004699966977601555,1.9126917986083534
0.7169199844837619,1.2149561444175019,21.86951686588791
-0.47623546740584644,-1.7362546123763796,33.99268442569647
-0.8474176027680258,1.6383741108784546,24.109189993118314
-1.146458585680338,-0.19150415272926757,11.701430764241517
1.724824078756087,-1.900403089798608,20.056780323663556
0.40219566985649013,1.8005180016545825,28.453006056927705
-1.0787884839161408,0.19395967694412164,8.953112962675595
1.636513499546925,-1.4673222169629994,41.162655859324474
0.09365032269506335,1.0016394364081393,2.69440850138184
0.6760529635356551,-0.12898856102007716,18.062884150479746
-1.1806036388088197,-0.03693644363571824,7.439840566231965
-0.5104612424597641,-0.09039538059364638,21.817205725918363
-0.5364384568776281,1.3516719772370425,37.8163532834895
1.0745900260780372,-0.7440212911493513,13.162146217096666
0.29050133057581595,-0.8958038066772196,15.471847996672205
-0.1886282698143984,-0.5880865362224212,25.127270755684556
0.629597851119033,-0.5185956680478592,37.46102316799981
-0.16362808843427423,0.8772964900361662,8.459644881663984
-0.34803268354466166,1.6256930766573547,35.58161632668573
-1.2781935231892736,0.9644754916530571,14.57426713745027
-0.3105038254274386,-0.2941857092602307,26.63436103216256
0.5375194745353551,0.09162480411338114,21.632597818380102
-0.34045608624222723,-1.9942924777489672,19.481983955983193
-1.6309506166129917,0.8375775749008509,24.934203805310673
0.09738238706078883,0.7846418540678757,10.27993615120636
1.8218732920117038,0.7316554175016701,20.640619716843627
-1.7874852373081698,-0.7645892605448115,20.530761479582512
0.3703787492934918,-1.0595183709701428,18.813696577733918
1.8598839981445074,1.7801928951711754,18.373915947511584
1.3936035233507549,-0.11070401484639092,22.124993405305236
1.365906859593589,-1.4755574306083443,40.58102526664279
-0.7650653708086583,-0.14801442338233173,13.683737709381223
0.9673888027338671,-0.056699085164413354,1.7761372966270148
-1.4524955248101965,-0.6258538811825667,39.09231307992924
-0.7022953213102281,-0.798324382727841,21.09336191105667
-1.3379943981368503,-0.340392909706992,32.53663884033945
-0.20751736998910664,1.0996015032560686,10.509647441802345
1.185562803130194,0.08956051200644755,9.016536424878742
-0.15747881534689245,1.1128544061755865,8.182324948292091
1.5491558074109393,0.6996750794671507,35.52583081769072
1.2019161959938542,1.7564454149287414,21.149393062006
-1.8373767622532569,1.502686899480333,30.414214389700433
-0.8937477101954632,-0.09694200230302297,4.753495933711502
1.1870438277276092,0.8689689291009199,11.512778941712977
-1.4114097122332279,0.6349930358165818,37.49914860236528
-1.7229917199606581,-0.5717174865884842,33.98620609252937
1.2513182006548251,-0.2891806678897977,24.169250067826752
0.39941775017378545,0.9126451325885352,20.529905355661416
1.284910433226238,1.0420604799211324,15.260000343113088
-1.971426898884006,-0.3189726653098597,18.348289085232253
-0.14745512784741077,-1.7780019875491093,15.426223893158447
0.16576852838087852,0.43108300577546865,24.241554284921172
1.3138127799845014,1.767237072765794,27.671218635976377
-1.4874085839890685,-1.0782773023591221,24.529089669497715
0.6366335882822436,-1.4701040447330058,38.92638282779869
-1.1036854522147226,0.2994503503565964,16.413195077362385
-1.3219051057351634,1.128920605295113,20.492936963013868
1.4279025044470406,-1.8653031819886072,27.8822387798902
0.13057921977469444,1.1878054297742575,10.799939196378915
1.9005587246284628,-0.902965627222315,8.118431108063017
-1.3235957465384667,1.5068037207265412,38.47434129768929
1.6367298550433946,-1.2098684421313726,28.178961983046875
-0.23388102918944087,0.876928566769346,12.656419219312648
1.3813806350558937,-1.3268987785310227,35.66354690198851
0.6598758516190442,1.231341837184278,26.14684785969835
0.19885648320290983,-1.3411333648839485,24.098017652596727
-1.8578847806785466,-0.873864728606025,10.923649519111407
1.2314833858142062,-1.820934956619444,19.36067188927958
-1.9671339798427518,-0.553533409151771,23.82809877556653
-1.7455108572057925,-1.4020547867030784,33.45996976978966
-1.9072385276025514,0.0988793470745275,7.1669367756479705
0.7867836087576516,-0.29178602794508945,21.008939761809778
-1.4617181654212494,-0.6745711561503773,36.86767707442961
0.3613834172253405,1.7626455735855524,28.884781620312594
1.970230876690561,-1.0335883333846008,5.346401882664534
-1.957680372246617,1.3225613039752186,20.33597278025795
1.7064517510802264,-0.16558608092812266,20.582914911480025
1.0857693782547289,1.4647961363375646,24.498176265481437
0.4384591933382369,1.4905087325767483,41.657777039745994
-1.9043878954306765,-0.9136191189617446,7.649335333451232
-0.891121669222819,-1.5174702867753673,25.286763999770752
1.642853817152953,-1.8782429333375075,25.248156825824502
0.6902441180884509,-1.7146412509711708,29.286836350807768
-0.5568780248591154,-0.32760182928973647,34.470570303972636
-1.2743828437705322,0.08405641312870538,14.51970192284043
0.1399670437116627,-0.7318244722552154,15.31884399980933
0.9483522382091629,-1.359190357523322,19.60366804208275
-1.2299671241605785,-0.5819559278175759,29.299311800405746
-0.48649546627432283,-1.1748565739973826,27.033055871129484
1.6748368205690722,1.3123742781877903,32.89597769874288
-1.5724930229734344,-0.5220563373584639,41.62987162501863
-1.069315617472105,-0.1956855881978301,8.768415192593103
-0.8947312551568265,0.0072275644736938816,2.9197163141643863
1.6904126123118273,-0.4699554442806648,36.55782900936623
0.6005133145145307,0.3824844520814965,35.973734396108625
1.0078142445688303,-1.7533386793205255,13.892176869704725
0.9792946947272383,1.7851037086897112,12.04232673190471
0.4142382067819459,-0.8496802315203991,23.61492015798562
0.6894768737171457,0.8481951471255793,19.120867573361554
0.6258011461544082,-1.4122787372258259,37.94067214529147
1.8939022730788033,1.8215338072835157,14.70096847844059
-0.3014978688174348,0.3745493176354886,30.46174373618901
-1.8414857045324227,1.9545373382477544,12.17964876475406
1.2749799704931952,0.5460093697186692,33.07185187602011
1.0443389768867437,-1.2478802856696554,12.900226043324308
-0.7693816396285937,-1.0144254228571166,10.447278200070944
0.38419648050060173,-1.6323805913449108,37.015573617090716
1.5824399408597678,-0.15089623147708942,25.382867742985027
-0.2207505401824852,-1.581154785707025,29.449192992043354
0.7396161482404553,1.2675759773697926,23.907842732096114
0.5182006858493278,-1.0319095701434686,21.468367790357014
1.1416828863420387,-1.4172822664662643,25.699245802303885
1.3091053159183885,0.32282148244754305,29.864413280431545
-0.8425087536862552,0.05297359937495605,5.770766464210547
0.5154056122585882,-0.9656420056294168,21.38340861482724
1.3876262418398961,-0.31498516560290657,33.60455440763548
1.5693498290209282,1.341874244590139,38.78639813053599
-1.6026099433614776,0.585016437795169,39.510194347680105
-0.7580217340170301,1.0162127879326994,11.155318883131528
0.1705266297909258,-0.169604501393132,10.430032833139654
1.581467138148248,-1.7709857607993293,33.0409577859516
0.22927050347191713,-0.6883556028132944,23.004717520587008
-1.858906654746149,1.0140740748116706,8.201796021694705
0.24696262427550586,1.5765813478248623,31.220285052165373
0.39304491028732347,-0.6518628822789281,34.187832640263984
1.9408786215181864,-1.5371437975627784,26.540774887395326
-1.7895930296848457,0.9304876378083238,12.545053471400267
-0.516500402842063,-0.5541396854858536,39.947129628408796
1.5061286259582887,-0.6908254139384535,36.37122594936812
1.5559543875364366,0.5759519169264893,41.023793117105534
-0.6838018244529516,-1.7618693823501324,26.8671420582781
-1.0195625894377676,1.873652804867398,7.614567692289574
-0.37892943906418,-1.3598661542186887,35.60405669708004
-0.8079470031965861,1.5983031154452991,27.79872148954596
-1.3400931379659915,1.1114402662691254,20.74722285712044
-1.4605414744124126,1.8455748537516943,29.58289388896166
0.12082154436624926,-1.8273202576099141,11.430129287840561
1.7238187109607988,-0.5670978221635123,34.0551630029768
0.9256851156004267,0.09483205919899351,3.6596281997705695
-1.629672787420171,-1.5757631279177655,40.88750117600438
-1.403100197235653,-1.3551999631326122,38.14737360951136
-1.7889768275019868,-1.8119473398683992,20.26428153242781
1.7937131842348744,-1.6348328400415428,29.798900728490466
0.03340670355355835,-1.5254807185056953,22.419804277374222
-1.1408485951651577,1.0522882911243352,6.610625539519322
1.7525392841133969,-0.12114922110713078,15.686462820855336
-1.9774321843240084,1.9968332055892999,7.999925092467489
-1.8089071492562567,-0.44220838387785344,29.19832593387287
0.15622680272654366,1.5669337502168768,26.051390154837613
1.292448446642167,0.4375465641784966,33.737390508501875
-0.40559083609653745,1.3379148766490672,35.493329292129204
1.4762335452226796,1.4876196293839419,44.25074912796585
0.8705457416533946,-1.6088506240883307,24.226787366988802
-0.8056822874624041,-0.056311776050108175,7.844042833501373
0.020213468805364787,1.3314936509500557,16.753390647632106
-1.0486529051883098,0.6583630221954313,17.441561053226952
-0.5032004101536236,1.1019302129054265,23.447148298670584
-1.2169026827101832,-0.09349082642789108,11.101251117518878
-1.5857656785463727,-1.1520393034680887,26.650967725494702
1.7406987453770792,-0.7358115579686864,25.045838952468422
1.571908016359993,0.09721234994248507,23.28504616502463
-1.8438673940990986,1.1719267293354272,14.500324759242563
-1.7921724194700417,1.3077741134559582,25.854137576186922
-1.964803557198882,0.6964453093866978,17.890819354738635
-1.3371443010155302,-0.6284990474956795,34.3027956287811
1.8110055791813928,-0.055066107476587245,10.135456435360554
0.6297055406474308,0.9629403850459379,18.452608094870712
-1.560288093851152,1.3551830324439118,39.700259496941
1.6556797548902065,-1.3783173906023642,37.44340099056344
0.18495371557909346,-0.8659795072509633,10.150822543049442
0.9625869234391566,-1.8869184285700027,7.181784687575794
0.050188013765548156,1.1712594214265555,7.119416514258895
0.938947631170107,-1.5672646742654361,23.184828101739246
1.331760434935103,-1.0486370795317068,18.250716401730333
1.2311505248673247,-0.011484672550216679,10.360307152216276
-1.3566969394508237,0.936162710268031,19.72368072687469
1.231651808556788,0.7956045999437955,18.173283373306024
1.8593853561078464,-0.9754221951761952,8.183328106105431
-1.0569506920080731,-1.4110796327535997,22.22113878085599
0.15762483980262765,-0.4022047104571378,22.873758417760257
-0.5733518051417064,-0.15878159627255517,23.887797916229925
-0.9018310882837057,-1.9829584893397607,6.645436067922761
-0.11299724459435145,-0.896461933967414,5.275165185061949
-0.20086556428044755,1.715500456046375,22.09562189266902
-1.283978372661113,0.5499343120272382,33.58161105070415
0.5776595850497621,-0.8748272657734719,22.868583987095214
-0.1164480130837271,1.8784465665252967,8.878962802709632
-0.6301594983954382,0.8493807298087317,22.110381480909034
1.3608766227252382,-0.5572355691321365,37.93937965927945
1.959656536212921,0.503476961910525,24.41091434341937
0.003941082375689575,0.8596300700250019,4.385731793937337
-0.3046802645337636,0.8493068913743724,18.34005797395453
-0.9007904666615887,1.7088332573827536,18.170108184775113
0.16785135173503773,-1.0334020256509775,6.380117439683525
-0.25121332627399084,1.5803861624835807,31.38831543902485
1.2282212762884517,-0.062124191845346566,10.90045016316337
-0.5931932930386803,-0.4950103435908373,38.92607798931131
1.9247814303829718,-1.551148859473202,26.69503540300859
1.5560955822768365,1.430435493706797,42.91273343802284
-1.1024463762508225,-0.6025650633280835,21.573994922680654
0.2782395469017329,1.209570814960987,20.79251716723902
1.8017816213525455,1.967234814332404,14.13115635728331
-0.8750731724710992,-1.2305457026365971,13.98636985743254
-0.049099389330047316,0.23025560373627307,9.290131927323994
0.6268187215730996,-1.569635470742654,38.904460291639936
0.5854240774206132,1.6855163227133523,35.71919736728513
1.6608042713181654,1.7750959972003013,29.654467407833145
1.6893583901275355,1.8431113099305692,24.447398419886508
-1.8052298515346021,1.6640727628090644,27.767503454552262
-0.9151487684315867,-0.717337058135378,14.777792115237883
-0.16554303620814848,1.821121580030539,13.961421527862088
0.4203556106229196,-0.5892271333918524,37.76689621215203
-0.503369409788931,1.6197139552926694,40.176590833200635
1.2893902729438826,-1.4498491190560965,35.7219951323353
-1.0052725353713257,-0.5122191957230413,21.248970409254675
-1.1330320388393083,0.25392701085447067,14.889594402045557
-1.1054449602160772,0.2996979857879891,16.49956066862517
1.744098485624753,1.394703902134344,33.24793032113294
-1.6029461476697278,-1.172380806518289,27.237981663261827
-0.3490030309440022,0.5845103066369899,34.91355684175329
-0.4537345486604596,-0.9935505266391647,20.781678010534126
-0.6213638514850479,-1.1839456538808357,24.986389209785756
1.4474668780907316,0.7890068493733149,29.751461638608117
-0.35588359037622874,0.8017257128398834,23.749151555229766
0.07891726991490478,0.10504884463428121,3.3219570143577846
-0.5305775661441872,-0.04712656571077156,20.534938258251586
1.9420649667814773,1.137859469250992,9.244307680606138
1.3108011706069744,-1.502512594303273,37.70250040641225
0.01709593233861595,-0.5323962383917493,20.134922641649624
-1.6443721170898233,-0.41889189505460767,37.76893820082453
-1.7032493010709668,-1.0639211421390105,17.72410198190333
1.1950508450064379,0.744869904975864,18.920882049384886
0.7941865533863735,-1.6825684922767454,24.83219611691777
-1.344070889651095,-1.9136634237165313,22.47672127284324
-1.6099418923598834,-1.5951247902875343,41.110191163999254
1.8405787664844002,1.5758050538853365,29.36894248799551
-1.1829840857862797,-0.9847481811695227,8.327658802093328
1.8435113965431729,0.27999058850210057,19.806930489470822
-0.5259068292411415,-0.13382283409957374,23.493878277329003
-0.9111602052885575,0.3343091199575814,17.51286244697576
0.9010872895591309,0.061793022952801646,3.429937278495606
1.282665338154123,-1.5471578597560898,35.64120146151831
0.4146118954316478,1.9584091892218578,22.94176038407008
-1.403683800529774,-0.019855734416893256,20.272483017456256
0.5205811377669747,-0.6498823191528036,36.49368909505095
1.8584692770099216,-0.05835836923151261,7.822233656196559
-0.08520525472907403,1.6106548177054907,21.679462123651124
-1.9363583550222407,1.4755406359066443,26.597736852871794
-1.4837063968489863,-0.4833263270944146,42.32780374480588
-0.046175318276071575,-0.09376521233736579,2.114686589725956
-1.8423657673275282,-0.7315714904228554,19.601643277873784
-0.5728212385306164,1.8247173074557765,28.105023456541083
1.6679414999143636,0.33739453678639153,33.04567003416117
1.7334708197492574,1.4548496133778577,35.75849788430505
-0.4971091955338962,-1.5321325957773175,42.38978162426803
0.42855018760066077,-0.7079622432071,32.30468052709215
-1.961029988353478,1.9247174084981489,8.946462553750056
1.8771043817959967,0.1472257831163022,10.363282536935465
0.4727428088778316,0.6754672070441456,35.04717602619304
1.7061548361762031,-0.1299652878828894,18.8009533449444
0.33151270581848813,-1.0938413739849193,17.895491937791206
-1.0304070299798664,0.08844877889036207,2.756411281365004
-1.0831801943590595,-1.8789888582797567,8.792768565488707
-0.5263681620746117,0.9997805765462107,21.139705020968385
-0.8917192688179383,1.4508157539523232,24.65276939149434
0.8100095389328148,0.613276436592197,24.922706664309736
1.5699325636125465,-1.7047558770002418,37.225592088723744
-1.284938401980066,1.637080889837554,33.023237747886036
1.6281495072791627,-1.6869309764060416,36.28621156419019
1.0969262102208845,-1.9382703382524373,7.500755215928857
-1.459057786525816,-1.5609577052251589,43.511822839606886
-0.8240176887264692,-0.44692631742556044,25.84303909624648
1.6434954570834468,-0.2544087489081788,29.246267027096565
-1.504603690425642,-0.9106050113970654,24.625263408998528
-1.9744926875948696,-1.8878023884152415,9.974187208117621
-0.27572671417428696,0.04875307276710483,12.153345402997031
-1.0001536668836,-0.48043033323016315,21.15562490594762
-1.5865241092338427,0.6352862470978478,38.07854346928282
-0.4295777181293712,-1.3538976021013638,37.12871062910622
-0.01042547485512113,-1.1665006409882408,6.373248019264166
-0.8314828881348562,-1.5033182685543287,28.050181990000198
1.122921964659069,-0.882739086897316,7.470982108346117
1.8227066236215244,-0.3782723564125754,26.2692526882794
-1.37922203327155,0.8208518759737062,25.52602661652284
0.9342325930346567,1.5252785840935235,23.915105225356
-1.4739500962806331,1.1595438363106276,28.000974090305085
1.4390363498466021,-0.781926819216467,29.964946416106404
-0.1820712735551444,0.4785678361676444,26.031964725930287
-1.0179474267286484,1.4854236785263666,23.264304688198663
0.7967770196443471,1.4267321834773266,28.732410522295027
-0.20033980032574883,0.07599345173102545,8.094499880913542
-1.222982219879535,-0.7439024736165476,20.742666008148262
0.9180486380796835,1.8360311126708795,10.364409033435386
-1.3915885263162795,-1.7974258890671906,29.999675097588618
-1.7301893035214997,-0.25811292471212877,24.811237620786443
1.1706851092676525,-1.1004909198426045,9.729812751716729
-0.09147171441926139,0.06160873465388805,2.3587113603423884
1.350809592308675,-1.3438671720664663,35.111417273828735
-1.9411255756769612,0.026620129302571627,4.584662915132654
-0.5790163328775972,-0.8313384965728559,24.92799484834177
1.0889483898263355,0.7338682855220888,14.257722903015814
-1.6642514092797511,0.1924134509054669,24.39776378829802
1.191378476442381,1.638737349900825,26.93943138871723
-1.9992603238802418,1.230200394743214,14.269703393442773
-1.827008289357643,0.7284823216423022,20.564554478718993
0.39202841460227544,1.808065168959983,27.640585196121613
0.5275163689607858,-1.7202437436636817,34.94719579544208
0.68159193259266,-0.9803183334053109,15.669034526897143
1.3277759741389703,-1.874151640357586,22.936773066173153
-0.7034567049138039,0.7057435479200973,26.620838875504322
-1.3774607994400654,0.5850880370228078,38.02387813701219
0.7888992211127563,0.9351106598554737,9.896639674243819
1.5013407686043116,-0.34733553579208243,38.11590626342793
-1.4300681060350366,-0.9587562784354176,22.348297977174255
-0.4412583942293886,-1.7816897192934689,30.717714499111334
0.8341953189973914,-1.747957408903511,18.832742684813834
-1.7691649710861586,1.7299981488871974,26.175023393927194
1.224983513363366,-0.9852758127454773,10.94874968432755
-0.6331676327747986,1.3036787992048775,32.108676765825585
0.47694185863340977,-0.9403295351612986,21.701560552540336
-0.20392321624011922,1.4222383492675985,28.039481546829574
-1.9972345894718058,1.9695754658179339,8.051843730147041
0.2637341359419194,-1.27191969283884,23.922111016680727
1.2007712230420657,-1.6952192478902792,24.64598633796094
-0.35999968252053227,0.2925290530727218,29.229888760835962
-1.0112226068720886,1.5409312697502346,23.093005152201748
0.7875761543061897,-1.3526874444131454,26.124549798231264
-1.38960199308498,-1.7522672099459426,32.548153853243534
0.28599405644949893,-1.2509319594707495,23.947523449876318
0.1719307043824121,1.2778899124928649,18.695102386890124
1.5167400830734685,-1.5345986535857654,44.36486680025533
-0.6710502948887189,-0.33049713036396566,30.164025083632147
-0.4663300937728012,-0.3246841701832346,34.62215567579676
-0.16005007458621945,1.0262011818986623,5.85829797549345
-0.777936843017335,-0.6263026882927947,26.264072035726905
-0.4390210598611257,-1.3951261392434327,39.32046799632183
0.5214937325779716,-0.3990159079523514,38.39378801056968
1.6646103028390198,1.285663501111217,31.75743092168915
-1.0792803844412004,-1.030744111235161,3.628515659726668
1.1290823659893907,0.23954782144351716,13.788565440707094
-1.9591571772096343,0.5195322106130091,24.360472310444436
-0.420348350606504,1.140855061246529,23.91908098199413
0.9873881379337006,1.6893120341676,17.581492742890166
0.7971438850574692,1.651914347372422,26.225369190908236
-0.8613807253556329,-0.6451372403069247,20.839589577156616
-1.7631966187444976,1.467744437620261,34.230248887608916
-1.3831296484232949,0.2052780486292285,26.60493522366328
0.036781553733094,1.2557403157814413,12.204694982006618
-0.4480421343570624,-1.4293413114947775,40.74616223440033
-0.46767581600765507,-1.8078000215333905,29.728947760488804
-0.7941207472559362,0.52001084887298,28.085283344958892
-1.7714274237252998,1.958784905811259,15.965969345582081
0.1447563557337368,-0.7997125872122943,11.446345000426078
1.3351489738032623,-1.4501392749209687,38.497261127284865
-0.7121441121491112,1.748600031887432,26.008903802869753
-1.040267670571268,0.9315677087813712,3.17856881230483
-1.6762784699679063,0.12989854373301357,20.444852482000265
0.6324444247858949,-1.1611078185879955,23.181496673285945
-0.6894795138030285,0.20203630692376695,21.259595569769374
0.3599398340530926,-1.3831297754986873,35.836815356287474
-0.3569013901921392,1.998932056669223,20.346362138816072
-0.7102602274751284,1.1414242420305318,17.9733434701517
-1.1935443066517277,-0.15522414618565739,12.366169595439299
0.07267821634310812,0.3840731597041165,18.639922639785276
0.8706118993205001,1.1836415088321752,11.235855796811467
0.8006628613373898,1.2288020820396435,17.693292149716132
1.5438467978695813,-0.6955228597173226,35.84656560336784
1.30923721959027,0.07991274241333901,16.5914235266477
-0.9622885351105155,-1.3077051823949297,16.462308404864935
1.0577960263273614,0.546531314075656,21.645428940962
-1.7170745243684205,0.34981490168763285,30.993198666345528
-1.82181352178014,-0.43497579786716534,28.324534132632436
0.28464495175493143,0.6007786186211548,30.66293120391465
-1.368588976765858,-1.8206534431416355,27.673482855353477
0.30409505699963324,1.275137024212515,26.625122755490988
1.1864465241423017,-0.5613604338592868,27.1008363664722
0.3078044685022103,0.8747915187562518,17.350841924527174
1.4927535628474446,-0.033490854289332184,22.439657955132112
1.502000458827648,-0.7290844804176215,34.09716112189862
-1.1229914350178474,-0.8235068743555871,10.323416893357061
0.9190696906932709,1.5405616532480182,24.16025714691547
-0.11527124398639099,0.783670933498724,11.037737639515484
-1.4447449824183063,0.029717140812719478,21.665351872596666
-0.26063542690817343,-0.2735829601131794,22.286869551327946
-1.2478213500694149,0.49112417754619875,31.645830179205028
0.688289238053883,0.5452952598670007,34.14980649336836
0.971025276433021,-0.1671067743772352,6.160042149859706
1.4103979619946836,0.28484879825102105,32.69917222016935
1.5272400164699413,-0.3593809872508422,38.65972901917634
0.8005544770184829,-1.212779877033788,16.671086966566182
-1.6677320068791408,1.7260095661822614,32.20401973410999
-0.516649020440703,-1.817205929588523,29.41620180593715
0.47381404991147624,1.7330449014685176,34.156203243477165
1.0760359951235272,1.9489884521214158,6.58535171394232
1.740467709932727,-0.17786608406377225,19.28071374459075
-1.0643610109442592,-1.7390460652193611,15.651441070158132
-0.9115051112025698,0.5286085696067739,22.455574004255094
1.6435653038568168,-1.9931684878309777,22.883287085194326
1.2699378782488786,1.0578591734812344,14.634828600906914
0.7639301810185333,-1.4884913470871184,31.898920812771777
-1.7869777093555497,0.9470168742252283,12.33662165684196
0.5656369661397247,-0.520407704206082,39.67025142305158
-0.6179677329474411,-1.8694265419247946,24.433979010100785
1.9737370729676424,1.3465686083336124,21.546801208609153
1.8967630517515413,1.2721498972376182,18.634347009788634
-0.16458834902063701,1.3806591858031436,24.13862523945815
-1.2065700167305504,0.6898986328374321,22.9238912336332
-1.051122619363483,-0.430090134574467,20.85198483305362
1.4867203954169366,-0.30019564695162826,35.36752428241944
1.574864176007173,0.39823750675144876,39.57731011938603
-0.825015435095036,-0.9585721407751362,7.395611035410292
-1.9865037658132598,0.28839216772776677,16.45422473376213
1.3542782715466424,-1.101126110651807,21.091345734918768
-0.08302763531089186,1.9355842858369998,5.89147389482501
-0.42645058832558247,1.7537873296477677,31.97076033424039
1.3063628593726921,-0.021549675701598048,15.266397536628412
0.5414566531560667,-1.737667572355059,33.74942310802545
0.065730424098013,1.0397343170290583,2.2361753522497825
-1.0785336330885578,-1.794053193761966,12.84204671324536
-1.8823952340466952,-1.3587370354063206,24.31059522220235
-1.048932007487216,1.2216067496021852,11.286941786858035
-0.16354184022886864,0.14223350982578165,8.612431298342852
-0.7475957676527276,-0.8046866878951136,17.988626235183027
0.21394196928015408,0.9831560529532855,8.822057775396704
-1.277239335128634,-0.26140220030640604,24.118634638392017
0.5763478091621268,1.8403755221959925,27.21228399540347
-0.9223852524579814,-0.4285438292961792,21.20910018392869
0.27720918393019245,-1.432409779659607,32.941628974635194
0.4463318868624686,1.8978289872782401,25.2285514712322
-0.9063189663073001,-0.07767376558497485,3.677802327963759
-1.5294469408130724,0.07224100632852393,23.186328327864846
1.8863076734137683,0.1695050390540085,11.186930042149132
-1.1459941908426292,-0.7569710398960088,15.36885174259787
0.5056297585772858,1.4280937512494645,41.28548350054916
-0.1862492337605257,-0.03951951283617161,6.443633975049316
1.2374212816969647,-1.5788251308294607,32.03276898205503
1.8049824353070139,-0.14093975434733652,13.562851873289382
-0.673400566961023,1.114179578947732,18.78898013735064
-0.9741095046510169,-1.4142534862686476,21.664475305098563
-0.9675132683178118,0.6901234791633941,15.293986029215588
-1.5973280791373718,-0.1947637090567711,27.375749219954084
-1.0577627141434327,0.18271266307495626,7.70069132266333
-1.446878232891093,1.0958650677425203,24.5023715342412
1.6956502632214745,-0.7225631290070522,28.461619951810185
-0.5820857351059114,0.39234095988927864,36.989989507873815
0.9552733548812999,-1.766905266893815,13.366593911468556
0.6991127808548772,1.256992978375055,25.651169348330097
1.1700848365158176,-0.24559447216788444,16.339778079422487
1.2910817411891586,0.18830673555855393,20.475069762611586
-1.253099645004375,-0.8570526439804742,16.269076689744193
0.37094383364334593,0.20989921374754195,24.577205325547872
1.208673088382132,0.8595739302347178,13.278603588460426
-1.1477594013505348,-0.4104546772061517,23.95321658854144
1.1122967233310486,-0.16752748967385678,8.699834809853435
-1.0998789641485316,1.7483790678813729,16.273769852875628
-0.20369762211208764,-0.7650922899159727,16.811604557566593
0.045033082531594104,-0.7963265654568437,8.163953004930217
-0.9184649610973699,0.6461271535942665,18.61782068692586
1.1809332342445842,-0.36467305344597856,23.92062134880451
-1.3562393369692822,-0.09681844843906706,19.833126668451392
-0.3935970310686674,-0.2571548033716704,28.517660737397723
-1.040496015894726,1.078389476505882,3.7561547943171743
-1.191089557839617,-1.845413900233627,15.564414645111988
0.8004545250335919,0.9700045591015964,8.64139191593637
-1.044962576148237,-1.3063763189247393,16.663589024177284
0.3221251176249127,1.6785217370015224,31.641076884263036
-0.9840668111525832,0.1600167847868601,5.686684786297398
-0.9424871209133681,0.9665911247841019,2.68793806981137
-0.1316144375865358,-0.48417460393952183,23.431177681389464
0.6245623032326826,0.12567816289614075,20.455486746359515
-1.19540259652418,-0.3351510300167919,23.2763254749917
1.825974031664904,1.2045408562734585,17.373147629444684
0.04843441813117311,0.6418530061351619,17.157919857324032
-1.430514302269391,-0.34722650794553234,36.96490449022132
1.5792654779283075,-1.2475186317335836,32.67968653164932
1.9276853379965542,1.3924443391709849,24.471596135756723
0.7445123930159774,-0.5055033947978895,31.14858269853007
-1.6316897939871557,-0.8212647591233142,25.775015612473016
0.9639858980398008,-0.31351454145716273,15.168139559863175
1.2115441344864837,-1.1368140944007,13.840183845031662
1.2949845203634847,1.4404463333643318,35.848899550204706
0.8887886544987551,-1.18394345860656,10.50295710431321
-1.108434236088141,-1.7428224116604012,16.949416515020932
-1.7947946132301706,0.9562785287348978,11.733201244985558
-0.033933437404907174,1.0460448742039041,1.7373804200603544
-0.8690153127721367,-0.6189325076615031,21.673462080095923
1.5788143850319747,1.9895336024580534,25.271225700621965
-1.5929762300851502,1.1170083679727294,24.709824006981982
0.22459431136361108,-1.9818048453321584,12.453755367368895
0.466200581243323,-0.8802872500224881,23.465564591308286
-0.5977477336587929,1.8771155493163638,24.88897037566202
0.9707116537480176,-1.7819130385444342,12.294596615715252
0.7239031884683715,-1.9480173671955185,16.479847488992654
1.5447754254294246,0.38673006625090345,39.71530810648741
0.5232852405277728,-1.934204987074502,24.750547226203942
-1.664856519712067,0.10461163502469217,19.96438006370953
-0.4730615669363534,1.273181904232378,33.153294854665766
-0.8641117179244784,-0.40133726673607084,22.475881534028304
-1.520005043563787,0.011483719707394258,22.257674450119794
1.8200862872740906,-0.9364125066848223,10.714453190789191
1.1633265249542935,-1.3441755435868856,23.557414519548836
1.5436117588954974,0.050532740942005994,22.512029125561412
-1.496767340195186,1.1307865444726786,26.707566038194255
1.5503468456720113,-1.4197553256292252,42.678738999614175
-1.5303363187523793,-0.9944461394996362,23.155831311001965
0.05979377386153528,1.8004413895650702,10.82610345577841
1.442396717205737,-0.7014960983881773,34.925382459844975
-1.8509600716694465,0.3828314489247,25.056376179680143
0.2990482951426827,-1.0338490314539905,14.416830189277054
0.4142426420235106,1.9263772152147216,23.51660938355778
-1.4224521934396597,-0.7407905062753954,31.986717853371363
1.39173420363932,-1.3633004455328832,38.10228326205997
-1.484924816262303,-1.3119125689609108,37.67399878550664
1.0787902018826294,-1.4902798740343082,24.566645192293564
-1.635501662410141,0.5078285111717484,39.510102688889624
1.0673207094157062,1.0253857386208485,3.198863702826973
-0.2675883976793152,1.6664011940705783,28.965798537947613
-1.396498844511139,-0.23391378915410677,28.954837755790944
-0.522851379008193,0.18474410192262747,26.218375680248673
-1.2269509525887683,-1.4115084336184927,30.548291021079123
1.9334333398073582,-0.7914952903320209,12.648832767257264
-0.0011924376058720654,1.6650734075964104,17.859195131899227
-0.7893925450629871,-0.5336159188252636,28.235743150264994
0.2526205046395127,-1.7277504995540869,24.60701088170288
-1.9064914658804724,0.5310343392221579,25.40407900093868
-0.5164747582618414,-1.681995094894392,37.18636209853449
-0.8534490458809079,0.7738257076097428,13.783972676715093
1.0384265698974504,0.021584564364007353,1.4606746904748213
-1.1169433900073082,1.357984163517695,21.94801968217403
-1.169227934999303,1.027662199422124,7.71385782551225
-1.387104090579312,1.7394125349977627,33.20223389363231
1.0934831280882467,0.004959044138106883,2.8765835777447606
-0.2633148186411969,0.291902992915702,23.592691693591473
0.6444573078230786,0.2315306491842155,25.46704882564549
0.7832687034043087,-1.6492758114233879,27.17307943430402
-0.3313214117802481,1.0139287839941442,16.066224016225824
-0.24659204795930645,1.8826571146410331,15.988142677961708
0.1359392578809091,-0.7561882755174696,13.6328416255575
1.5683370279439584,-0.31112187112943657,35.39543507337149
0.184742882090855,0.5654967020585064,25.532723340004324
1.4240326532238279,-1.162245256636194,27.022363933255313
1.49520215799367,0.2949267506313147,35.1035589158788
-0.5342222838587567,-0.6590194518156802,35.899595476647335
1.9271231887187046,1.7883193761966423,15.557572340043304
0.18241338069393498,-0.6145250487821521,23.811624610818892
1.8955139860818444,-1.9346361358782875,10.246045133740983
-1.8042989861967613,-0.05357238577274437,10.473646945851918
0.3479644363995451,-1.973808705476046,19.926005296812882
-1.250020466403949,-1.655181509342118,29.914860565688443
-1.0007906739183285,-1.2684926701648669,13.770095037255782
-1.5028651906696724,-1.4821638992805637,44.39106323724788
-0.5144314221182236,-1.4850503145345404,42.38484889305643
1.0936875022488737,-0.38886882541978984,20.690128249587318
-1.5326995040584341,0.6053993415368639,40.39150115459221
1.1527361918408454,-0.5613846546818784,25.171435308133717
-1.9754615632235568,0.6006720264835086,22.447155529336733
1.015959680112958,1.557164795888312,22.869036433067656
0.8526057310581385,0.38737934739511015,22.46661995408126
-0.6276628193448004,-1.024664265441042,18.515513806583282
-1.7405016251451761,1.2772145173582032,26.958687058301187
0.24121552478552655,-0.8484150905359593,14.429330205256063
-1.5014007326282321,-0.8465540101708986,27.269148749494008
1.0311339888233828,-1.1368375056388493,6.020287972646021
-1.7915892551877302,-0.4798090191352862,30.776152693917908
-0.6567605034661614,0.7881584615894099,24.206869011782448
0.22400320414653674,-0.10915748920219537,10.697152468035009
1.9042977912517682,1.376487103098321,24.411969656782382
-1.487391684831704,-1.0064213639073212,23.201993194337096
-0.32254415029680095,-1.7139063964981904,29.691831251108162
1.0325678524995165,1.0726953078338521,3.450638659526362
-0.8303013057684532,1.6214216745910175,25.712538617221593
0.20993628950390653,-1.1055454464440109,10.895029449652062
0.485976089644125,0.6902776347322552,34.33888059973759
0.8701946714643682,1.885374461365382,9.940843926959314
1.6545746436901685,-0.34689447448610977,34.21975461709714
-0.272697398329655,-1.9061894781340136,16.816629742892054
-0.33000401201113183,-1.2914053700651187,29.166716760077044
-1.5193268795851065,1.2633830895252203,34.67074373483404
-1.9127473611886616,-1.4837694043386178,27.27370762463564
0.6574584317926786,0.2687400900035919,27.171639411019033
-0.28388412452923184,1.2303281517372056,22.474379041380054
-1.0474949011183727,-1.1735220258897825,8.293924813797537
0.054731281542996335,-1.5733869480074465,22.019647695293365
0.7563131513401555,1.7400483831293623,23.82808613873308
1.2456963325071388,1.524834428640502,33.4850104095632
-1.7081963118182633,-0.30386264268834573,28.926828404155295
1.6117605264432786,1.3654549336094104,38.73092464053242
0.3751680445801262,0.6176730068975456,34.98979160187019
-0.9359538958392717,-0.9390704465344459,3.280572770940834
-1.7331533564320116,1.6077217113844835,34.44070649202332
-0.8440453581228846,1.9700062983015676,9.199267646221411
-1.9726895330143202,1.1964934859189804,12.1710263956992
0.10320468088429902,-1.8319149012020297,10.473759661531782
0.6527597097657449,0.8098312020942462,23.14723372517142
0.798464837092745,0.7837233646928836,16.150395467105007
0.7126630403932852,1.070317903002632,14.938212574774287
-0.4795783804698619,1.830847390471075,28.635664042788505
-0.06882294051730886,-0.9287203791310956,2.774000686567881
1.971392941334404,-0.8819166077231673,7.453679502962608
-0.23701044286358286,0.7909521585043717,17.32172674549881
1.1925571582899432,-0.7334024938121075,19.469645959355145
-1.858929977235921,0.31220699496095783,21.040619591247733
0.36794656832599015,0.9182591317351081,19.019587762404115
-0.9560622454007182,1.2828962266153665,14.990779286783198
1.095734615956315,1.4466055476183146,24.491028554174207
1.0240432296675563,0.6924664935778058,15.178783063293562
0.2164766296184948,1.4298048735485884,29.043452835293948
-1.0961520101986157,0.6600389172032979,18.763499618556473
1.1684338090030586,1.0989356956630716,9.540065446310463
-1.4815320956395914,-0.7445578391065246,33.023930420394315
1.731018565734952,1.0982856365322111,17.239456363782327
-1.3812598353541423,-0.06688278420132043,20.126073548553283
1.2432725137449028,1.438092725275487,32.44424579740851
0.07994466698493641,-1.5942136570696879,22.08164291205958
-1.1225972119967365,-1.9022237097739958,9.530165686739675
-1.3370692032537015,-1.7555006041232715,29.725879553157537
0.8000228288437379,0.8038644274522242,14.874538870794762
-0.2267378587068669,1.523862397377977,30.804974241352724
-1.4148491316546297,-1.223978297457506,30.474794873451227
0.44562585913090214,0.11229945059404534,22.021011732367086
-1.5112553608748622,1.6273998637329,41.870972108546496
0.4873649872099213,0.4318082764396407,39.488548584778506
-0.507553251127864,0.4248284439503567,39.33199650723444
-1.7139668421210512,-0.7951707779345631,23.014503077846634
0.5335102305904469,0.394851991408951,38.115547218170036
0.10409415717773474,-1.7876185010641907,12.928416551270214
-0.7134862418099721,1.9380641167228365,17.287007819540307
1.7727630883625372,1.2809205862120199,25.288669788927045
-1.74495282809014,-1.7060679094344993,28.99801235122554
-1.1493305798080713,1.3110275610196402,20.869123693278357
-1.1843029142909849,-1.0987850155020271,10.463459175248753
-0.9584073065187786,0.9328633354902793,3.0049149032420495
0.11032077277594032,1.4421101473260167,23.745336511044062
-1.6958328898317285,-1.7937835527856603,26.715170013722044
1.3850512167228395,-1.5641339991501906,41.06714055236393
0.8597556175369658,0.4182747277648251,23.262062182696866
-1.171003088288748,-0.9591478646727118,7.856623768665118
0.958986087778789,-1.9132266700584677,6.360129528796442
1.8226668226806835,-1.8202740599273621,17.953342354295305
-1.3533437391052008,0.5598063969155453,37.49367040415727
-1.5424803458121317,1.9907015849515948,26.00510015690014
-0.2680069912950658,-1.724188535911408,25.788336343997813
-1.3399165312860677,0.16903725650535684,22.307332137471242
1.481180473930939,-0.9718121218591427,23.22491417662966
-0.40248276828650686,0.2758711776810432,30.037356594214398
0.6027620438227119,0.8930941677738535,21.320297679105977
-0.7009833391817839,-0.517448071423027,33.73044749874862
1.49441129937891,1.6243361039322877,41.966070614947924
-0.3304013189488817,1.9861990746309277,18.931342646552732
-1.2992970195917062,1.2931658244418585,29.08764231626529
1.6356944368025412,0.25865296527064485,29.866138081040976
0.7676881317474562,-1.759608880126697,21.97309982606474
1.370544242195463,0.7326527542789676,30.373332925250295
0.3136894128300236,0.3249273203949836,28.63558558716766
-1.3602613219595692,1.3892044705074378,37.84025747323237
0.1164991636108681,0.43166470084476405,21.85372972029717
-1.3196722680999398,0.5125126739165724,36.21246666348856
-1.046582047944573,1.0494910295660391,3.1016363315253557
-1.889524136726016,-1.502313142473449,28.140150649509135
-1.1554602049204266,-0.3962077921568534,23.843008392000687
1.48273150432244,-1.9727890831973212,26.17738483116552
0.22375393706340896,-1.8559769939013493,15.675632503014683
-0.48152562028910584,-0.8073449144613232,27.29074638971253
-1.3434355217311387,-0.08266324438082817,18.669685807704333
-0.6327160539576169,-0.9525396760443465,18.469076962252814
0.446742322009567,-1.0226069510503568,20.79134210796794
1.8880426939744792,-1.0020445519944974,6.943463033845548
1.9542017744948548,-1.354511431513675,22.169567955104096
1.7996147704497645,-1.7490606952192156,23.28970366567095
-1.97030051101485,-1.6100629535964806,24.350604252287656
0.8287054756919612,-1.0693995366650664,8.019996452294393
-0.8974859474399963,0.6932897808992697,16.778100528743266
-1.8820012339721974,0.1610524329254761,10.89036408107112
-0.39864433698553414,-1.3545668990239217,36.1411247472085
1.6469426949759502,-0.5584925865110772,38.38871545957566
-0.8346419568842638,0.778016597079787,14.479642113706351
1.4218972075456526,-1.087868667331446,23.510844627661726
-1.491336249309866,1.8401253954929149,30.23041397100294
-0.29023850931545914,0.1399641007279162,16.229261866844208
-0.17223994624316674,1.3118093817581995,20.84348681326675
-0.28427938410107023,1.0282484019117457,13.432432875520236
0.09102658805010044,-1.6812460398915756,18.61315570429425
0.037321948510298686,1.4223950307196955,21.132863996124033
0.12446784679230527,-0.42883595961819143,22.121609141627495
-1.8974337303727387,0.8051793832499068,12.856241065655201
-0.42959928941989567,-0.7066277840606494,32.412951417369946
-0.5209186863212603,-0.32919138703530937,35.06642298508588
-0.6569524139442717,-0.8332552036664924,21.649104944633503
-0.15800349145678183,-1.813495531472769,13.965422661245777
-1.0969575026382872,-0.24747596063176314,12.904927388337768
1.5390937789996166,-0.287475944781435,34.484270829776385
0.22357124476033574,1.5743710216900428,29.80361894724977
1.2232954632111417,0.8491851506864663,14.711178446299417
0.47782838540269523,0.38352798561963963,37.718162812469565
-1.237889957122368,-1.459446411592757,32.57931580533226
-1.7772840235155658,-1.624730728481643,31.17558825388919
0.4599262856038404,0.43391940229318315,39.23486716613876
-1.8508581012271867,1.3533296955750869,25.381600150219107
-0.2338855998828535,0.15375652095592285,13.382293526318119
-1.7059074285512352,1.4339339699411484,36.85214061414911
-1.6797321870479762,-1.1559936317888795,22.86174556483889
-0.13934738413563164,-0.009403470642287637,3.631174323205375
0.1328926706789031,1.7441686656402005,16.714240044274742
-1.8601077764598948,0.7048887813925044,20.374033920426225
-0.2808694069866795,1.248955217766321,23.500575416153435
0.6700473293109144,1.2504296865028173,26.854466368296073
1.4541126048794237,1.1216071179890088,25.73948657975177
-1.4709782674913967,0.14889186606490679,26.086112073767705
1.093184595872514,1.0976153690737172,5.888104700051754
1.7082454102119953,-0.33637101181344153,30.78914548339072
-1.9641389829199323,0.9089529313855951,6.528968768425527
-0.8873457654039063,0.6224282532201393,20.761436463053926
-1.804061370871206,-0.5785041751146491,29.065430038150843
0.5326306802636789,-1.4957942513443383,42.30816429505522
-0.7314619407503953,-1.4198379418602198,32.471281806406054
1.5642844120586679,1.0972515727695473,24.65579407576253
0.5540276713544547,0.07974610865857601,20.971891859788947
1.910419781589248,-0.9656513529914243,6.356790090947934
0.8220660415721057,-1.6550240774375484,24.659590370407486
0.48648398158304795,-1.2186905017431378,29.731265102704548
-1.9623452317746937,1.6368337209821946,23.33485571244099
-0.8825959110446533,1.9611959596822808,7.520654157587273
0.7192595568262385,0.6834663561679082,26.96368216454676
0.6936970850690605,1.9694573312002457,18.007841149801685
-1.1011063907964669,1.9505560510330282,7.446686778041997
-0.7133470067294483,-1.622942360111205,32.58737097434453
1.688994368916159,-1.6108910422262235,36.85691726920133
-0.098831151705145,1.3362052994746536,18.81754592426868
-0.8935766196267214,0.880943518988039,6.397980322993432
0.5676155435543637,0.7643939061605449,29.114364884484576
-1.3971319198415344,0.8119018857342288,26.80201406146563
1.3587435546656015,-1.4346437209604157,39.386233395025506
1.8427329347846229,1.8071468843960394,17.645004444914235
-0.7245128468862165,1.8214111240811688,21.099176833142106
1.753775679824459,-1.533793341296822,34.96646629611691
0.9761318770009941,1.8498036743850585,8.618979818580192
1.2944280413657316,-1.469179714339274,36.40250025835876
-0.36835519773406045,0.2560220184378825,27.349287993985456
-0.5144129989218893,-0.4568070901935486,40.066310930203116
-1.614356374324824,-1.9715879837121761,24.180019141253577
-0.7754017608899284,-0.3060942645753637,22.55765793326271
0.31520700970905136,1.8214209276548288,23.0619375767995
-1.6421390241618923,-0.6114617186575981,36.986882925257824
1.4804219930256797,1.302754972164342,37.06758175086629
-1.552205289454248,0.7031899600714535,35.26959351201575
-1.6424252689204035,1.7827584391336404,30.088107696805903
-0.960121224756231,0.42451266939229937,20.31044311335204
-0.1176547145202349,0.047778810344691,3.073595909025128
-1.1440529680182214,-0.5648952780474854,24.63214236299317
-0.8704833748893837,0.46288775367399504,23.833785006180566
-0.3106864052810634,0.3664554725416953,30.63356518291488
0.14664650795376444,0.663978038010343,19.560950641531054
1.9020942395556384,0.13408123508945957,8.812818837309358
0.18581400775567447,0.4561873535430827,25.94162888271942
0.18973052666812995,-0.3548248249188197,22.585285493066085
-1.0159845327771615,0.14562662082965927,5.005910697158685
-1.015799925575068,0.6378445222344675,17.965935958141277
1.5453482022886402,1.2004926557264932,30.365378006522356
1.1456710108567862,-1.1471442284316478,10.510736177682233
-1.8655208464123256,-1.185010483381145,14.275912351603282
0.28082619465367564,-1.500623933326151,34.25543821542927
-1.5992948313774118,1.991391954827555,24.65414223667276
-0.5825994459109176,-1.745624111165398,32.344753856152366
0.04601661229518195,0.7897305980806992,8.570371517562776
-0.15896972005050625,-1.4745291140193526,26.65890693459761
0.059349394182375725,-1.7236390472849967,15.310463130734902
0.9216787057540548,1.756183683512695,14.73184626772012
-1.8323008857802137,0.2820524988073818,20.493496383748244
1.3234440513171712,0.5622457257986162,35.765103732211685
-1.4036363130661451,-1.727359528321784,34.59405740568802
-0.17007972187459242,-1.8069554060428303,14.978149373040564
1.347274628119111,0.06522589787701083,18.385964601558854
-0.7329408560893826,1.0836142227675492,14.129812340803172
-1.1418745247120738,0.05530171131327899,5.621517466912062
0.02464688174080587,-1.5839578984174953,21.269766291156117
1.2037177379555697,0.794500386429112,16.453227530397648
-1.2040256007476438,-0.27658931950465826,20.340423996306995
-0.762723681305987,1.7493891101583352,22.881891755298962
0.6712846475772869,1.77735763186665,26.64579287980129
1.066911756831571,1.1664906546492757,8.360246470862036
-0.7591987440912766,1.3948529452976008,29.840228734620275
-0.6608937919361271,1.307914158701366,31.017266380896366
0.8393332067832731,0.038316370231118224,5.6715042093198935
-1.3186503592930894,0.4034688995710698,34.29888732814808
0.4980357179421757,0.7422179227422419,31.28693293198821
-1.734696483690807,-1.0017131256312877,14.97324764420483
0.2437972108202917,1.4099065593586588,30.097771437000606
-1.0699957024461613,1.588089410328546,23.12552642724296
1.9006491160428687,-1.6442485072573163,24.36825606958019
0.8962250168344852,-0.40999925812842797,21.46608184756755
-1.4484075775633962,-1.109919797731651,25.100633858354954
-0.5544803199266051,-1.9283317477461672,24.442585540479705
0.77826711976165,-0.18533515503342013,14.921152489501328
-0.616133100239519,1.4705915249865442,39.825867438504964
1.8654617850121897,-0.16672900758902687,11.876283719717442
-0.7569703563720753,0.4129015139409766,28.845227387793557
-0.3778719344338155,1.5663914789895181,38.93634945140663
-0.8463800523864924,-1.4876307197801317,27.20687997966923
-1.9397528009978902,-1.3187060211740143,20.393678322908276
-1.6219717678623882,1.6428694640118735,38.7684258195524
0.7196450156028744,0.3240992449238185,27.008052046020055
1.779007833784887,0.47252383877545867,31.426956626406685
0.8244458324991366,-1.365882640151741,24.691109405950755
-0.849638935624931,0.4697167258826931,24.902558166157498
1.3437578147484213,-0.8715578962063928,21.204911385632975
-0.18529790267863655,-0.8716785895340027,9.917892827937338
-0.8428128715133241,0.2994719530620453,18.35196755779445
1.6761037280509208,1.904563417016087,22.65933522429596
0.2631369292797947,-1.903311464484534,16.305608403708437
-0.8944916881497145,0.6228412202989801,20.472438301282853
1.6992383932520578,-1.4156755361542688,36.656142821051624
1.3142009658634133,1.5178853426820145,37.89337701695162
-1.6408483234901037,1.6192617060360814,38.96883430047209
0.3814799106980229,1.384659907528568,36.90279541912204
0.694711525977362,0.714793799007885,26.592056256316468
1.4992944882901624,1.051873344775502,23.88068913062059
-0.36490302399907826,-0.4701213659712611,36.787013733648806
1.874801201639849,-0.9441879484375111,7.952738538622725
-0.49301883433292115,-1.4242088182051527,41.14920636693275
-0.6435582885146904,0.336766138157929,31.913588395563586
-1.2246393462930154,-0.2965660642258019,22.885236931990796
0.43487822262008535,-0.4586686697399043,39.23869089716822
1.020687906292903,0.061505566908482745,1.8674239026710264
-0.6996246754782924,0.899115694065356,16.353086814950707
0.21593501290354888,-0.1934657140177194,14.482072334687516
-1.3555799459797586,1.9475740956806145,22.326103569241205
-1.304274683125079,-0.4615460254046022,34.968154493404924
0.34226345094471045,1.7331342649661594,29.656421447119744
-0.7942681938684073,-1.5416016667174746,29.92198544061717
0.8268837985448796,1.8038200395778374,15.974926525777398
-0.19216344842998279,1.9920305767765032,10.463125130737353
-0.7122232344676607,1.5223364243155575,35.07780893505262
-1.994212626592442,0.7182982627518633,16.478180487413756
1.5407711951512177,-0.880272191347919,25.521139604759018
1.3909750802485195,0.39780340507127,37.84537744031631
-0.7192258020854041,-1.827850472934358,21.081148494884648
0.6465300946012418,-0.4985214849266124,36.71891734233883
0.17476159001746705,-1.205491861345335,14.170284964440228
-1.922589539524362,-1.6125699281388242,25.057650298908946
0.563673138441573,-1.4902362448763968,41.7300566316992
-0.8098355990959529,0.3677293751637043,23.86019701252455
-0.9078810799237274,-0.10901744029772864,4.720600055066083
-0.35000789432396306,1.109142288893311,19.49158378696667
-0.38636860958787933,-0.8677794410693127,21.716921179788777
1.9438852350871194,-1.3087660143512756,19.715754012864487
0.5613346376486499,0.49483255928944647,39.82125365739519
-0.6016420323913443,0.9746308867301989,19.467747195811405
1.0150399874520781,-0.09455226878585066,2.7972780202223504
-0.7077475822702803,-1.5469946852874301,35.08503950022623
1.4796154833395168,1.9353829495329702,26.6659835369053
-0.8781677264864869,-0.7195781962374594,15.97841478838033
0.5831449392225734,1.1153056389599327,22.761734102593348
1.3813751869646498,1.0715032484018598,21.397226838739986
0.7216608995704794,0.48799088366283216,32.50167942837106
-1.942290289490995,-0.041013207526895634,4.7545956020538735
0.8341706214479379,-0.7890911954549034,13.84146404710155
-1.012376975109433,-0.34881203302108776,16.99410269783314
0.1771318913855482,-1.9559037423733119,9.818160681053005
1.0062784164800873,0.8346080580574964,6.647745023139628
-1.100855648418083,-1.005635843641711,4.171002983139678
-1.3020548813695925,-0.35268491689615544,31.045924820909423
1.8394181606336426,-0.4374963186884582,27.486203771685148
1.7038853330498527,-1.2749973580333442,28.950121967155734
-1.0424977767573327,0.027737435004525413,1.5934425565803227
-1.395702678459406,-1.546733024861883,41.840891300894924
0.6800339411355738,-0.6304292380307515,31.941536417841682
0.7950758886401679,-1.0910126798204254,10.61895001104688
-0.8007592090522802,1.571356664644742,28.986522742950616
0.31861000018274055,-1.5095332781702289,36.54087607319526
-0.317354477341107,-1.5997028130460356,34.867702877321406
-1.735051371824468,0.256644880450414,24.431528345618528
-1.5530348110031977,-1.1425278726227441,26.916142898473872
-1.7096099097477526,-1.554893542837834,37.262162783645046
-0.20629413193053425,-1.3373618666681057,24.336941888868665
-0.7424114042835641,-0.25934931431225916,21.682158595837496
-1.223541765603867,-1.4604593655903848,31.668191898514586
-1.4087857860584672,1.7650854244161103,32.555932404128015
-0.6051669861132654,-0.17755504020717705,23.896582193268245
1.011775971626097,1.1486972537078763,6.426680442878911
0.7828945923052455,1.5677833547995688,30.125415901168683
0.13063076851860478,-1.336021248128327,20.131030684081484
0.4488982863733213,-0.1903551642284511,26.06620340541299
1.3184064396023238,-1.0281572054408015,17.118376998915522
0.7084455095914488,-1.9597073985368612,17.24248669956531
-0.46774953119113594,-0.6155994847971749,37.869295901640754
-1.6225465691975867,1.2834877651192005,33.54783174588155
1.307474703544679,-0.998455145574674,16.240135442235125
0.8462819343668988,1.6083432594383353,25.38675924298294
0.3203428820146139,-0.5249410575747131,34.53292128788493
0.729205754286594,-0.4180868209282962,30.713888706641974
0.2857979733702942,0.6455603522250568,28.829976949946243
-0.8284430983059541,0.649212941954429,22.293999020234345
0.031435745088186806,0.3724364315517277,17.29038694453204
-0.8439942822099606,0.9832654215049677,6.165907452944719
-1.4027518835874409,-0.07682864293823144,21.306886509285214
0.12687419875171413,-1.9672352253423129,7.109959560475861
1.1890702602047307,0.21791980409347955,15.723842810072671
-1.684484730093612,1.3954782806121884,36.70595216238613
0.840873125936743,1.658904468738529,23.47078387010319
0.727721354479022,0.013951499729945915,11.96341127185699
1.1616137267771633,-0.5661075131752309,25.547127399217537
-0.2575988287556106,-0.5755560756466522,29.769037864783087
-0.695769315196058,1.7735048104970716,25.499786154303884
0.02572108470542034,0.029987687332889923,0.30884892705185507
-0.48584481039317495,-0.6892481558553931,34.3967096393716
-1.0762346258402218,1.7965628838785848,12.627264636890537
0.9302174478910796,-0.07592764184011935,2.9335371514955586
0.3900902341375798,1.3545267900864388,35.801208402846314
-0.5202041354454194,-0.8715447993352776,24.03383089884673
-0.09103874319501415,-0.15918327245901231,6.223973882282065
1.3235613907774453,1.5779052606936292,37.526494521812694
1.436018690983035,0.7772250384683481,30.166737117157155
0.11168065302483621,-1.3013423052837019,17.23884207511479
1.7252109133389348,1.4167567371621508,35.19788900644779
0.104458955920395,1.016644392791262,3.176772269390071
1.5965225215052001,-0.7819417992486719,29.38345828401461
0.29512211483655415,1.836188355367033,21.101422706385552
-1.1063729358957688,-1.3995056422397987,23.406165715273595
1.7970522880780386,1.5036381498248002,32.57420736566748
-1.8252117271039316,0.3201214681115099,23.14681875806465
0.5821654827403933,0.8674453697077968,23.060501848756864
0.4650648020369923,0.25001470716360474,30.039771711666475
0.43000893688420483,0.4786440874094069,39.37262684132482
-1.6308216346501028,-1.3041214956058989,34.50345227649263
-0.8554688750629418,1.7116530296472,19.895427662472862
-0.13192895695783502,0.45462862806981086,23.063873690063097
1.8736783579785192,-1.5982658152065468,27.206753231735952
-1.2299929509411291,-0.8744724472853576,13.976222513763833
1.676396382122149,0.8720821379844126,21.092139300235928
-1.477784157862358,-1.7161433558663015,37.14299818406879
-1.3201693510546084,1.662381309414259,34.00511997605054
-0.3157293044506999,1.4789546593215506,36.21318481858658
1.3864696450498597,1.8658710538954484,26.311555846987517
0.16906384555333398,-0.9064783479658649,7.658629215705693
0.05769001219186887,1.5730163391811058,22.093450745791955
1.7919134627284814,-0.4091921635024409,29.19119965753229
-0.05147906696157056,1.1914971020014744,8.347254390740535
-0.412118269910728,-1.0413182013443745,20.1031282900623
-0.8825161682862142,-0.0795248930316288,4.610755409223287
-1.0465694710101712,1.0585078836843653,3.308919980697354
0.6688459748425655,1.7306494870728368,29.536288041907646
0.9872152174987918,-0.18675678835542842,7.171783324156216
-1.269420588985973,-1.0587727589305058,14.623759915217777
1.5474560492039209,0.5423723897495947,41.89521662715232
-1.5724667014212756,-0.0006758286483683484,21.453938148210426
1.0649290353660534,1.2191332524735703,11.513763751604763
1.3576077306831582,1.644084026044124,36.978262886218374
-0.0707652553852558,0.6690151637587434,16.29656471685972
-1.7066064380567072,0.6463811157839716,32.08342947050856
0.05851258483345578,-1.1474610981254671,5.982171817153607
-0.9883985099585941,0.830975102632733,6.822872265476742
-1.0964038719018538,-0.6292553153013491,20.256663638565747
-0.49218343039436396,1.0437676774050342,21.69538669054516
-1.2293989565154484,-1.6831453892948312,27.131761530217435
-1.2664095379688147,0.8501047316775083,17.472512104779693
-1.7981001948657132,0.2173709068130889,18.268172990557716
0.016698770633915228,-0.5032941405047655,20.30643404275587
-0.6107151558223864,0.15468495471353583,22.436118087650094
-1.7566432496207045,-0.7085383007267785,25.74628419364274
-0.3341564239561361,-1.4337090468434255,36.35693357355386
0.09849395947921424,-0.7623091572970502,11.672752504291097
-1.73761939103724,-1.4876335695324472,35.979315375481434
-0.6886029122739603,0.6473216581103705,30.66907861510831
1.2009716330501043,-0.0551209907496748,9.007090137332678
-1.8131497065699622,0.4279473098730402,28.59873846750728
1.6212824767685152,-1.7938938040056471,30.357801354033555
-0.6091876675698837,-1.9325716554796055,22.727624503781563
0.3091874047586458,-1.5828531298368285,34.910047794594476
1.7637466840479594,-0.3704607620644276,29.251933828293502
0.4854289309882742,-0.6852000164104215,34.623202048009134
-0.6562952865266247,-1.9538430955891366,20.21915921357038
1.466598471344907,-0.9211042134805583,23.983648700475587
-1.0065629446240822,-0.5602484354155424,20.627555421479606
-1.2635272140836666,-0.7506960514441365,22.965228492396026
-0.8755432507062455,1.8998265411361253,9.196995284084483
1.5051022399505407,-0.8703983148327046,26.154094342885998
1.3567484256717361,-1.847477919560799,25.720526423761868
0.27441535534917527,1.4540416855359402,33.30355721929657
-1.132420458204022,-1.356207420879063,22.57669216412397
1.1764867033979223,0.6132003480955435,24.879066194512504
1.8965850950930059,-1.3648597247608305,24.104182496333397
-1.4062636261873207,-1.7784576189142371,31.67712809954389
-0.7028541676508637,-1.80909085610709,23.057866473537402
0.45583528914173277,-1.656532190378761,38.110282665637214
-0.18304249265914274,0.06027545111084098,6.661704103640089
-1.6545931304847494,0.7675794732048526,27.86650958674149
1.962205143887234,-0.4428791703938417,23.68986828920014
0.06723150064280015,-0.4989721081730609,21.132322514090674
1.9192000451314897,1.4019454288690842,25.071449446036446
1.8748035446401703,-0.45435618234652386,26.250566223401204
-0.7346736617466139,-1.935442746840144,16.05861976258805
-1.6925477396239716,1.825295262273169,25.17193597753138
0.3374001994986413,-0.21566049445919822,23.239073244266297
-1.368653402897464,1.7521098151331786,31.59409055634509
-1.8425862373345208,0.5943267791590219,26.54809985111109
